time,value
0.0,0.0
0.004,0.0025130095443337483
0.008,0.005024431817976956
0.012,0.007532680552793273
0.016,0.01003617148512149
0.02,0.012533323356430426
0.024,0.015022558912075707
0.028,0.017502305897527607
0.032,0.019970998051440706
0.036000000000000004,0.022427076094938124
0.04,0.024868988716485487
0.044,0.027295193551732523
0.048,0.029704158157703497
0.052000000000000005,0.03209436098072096
0.056,0.034464292317451704
0.06,0.0368124552684678
0.064,0.03913736668372025
0.068,0.04143755809932842
0.07200000000000001,0.043711576665093295
0.076,0.045957986062148785
0.08,0.04817536741017153
0.084,0.050362320163576085
0.088,0.052517462996129555
0.092,0.054639434673426905
0.096,0.05672689491267564
0.1,0.05877852522924731
0.10400000000000001,0.06079302976946054
0.108,0.06276913612907004
0.112,0.06470559615694442
0.116,0.06660118674342518
0.12,0.06845471059286887
0.124,0.07026499697988492
0.128,0.0720309024887907
0.132,0.07375131173581741
0.136,0.0754251380736104
0.14,0.07705132427757894
0.14400000000000002,0.07862884321366191
0.148,0.08015669848708767
0.152,0.0816339250717184
0.156,0.08305958991958128
0.16,0.08443279255020152
0.164,0.08575266561936523
0.168,0.08701837546695257
0.17200000000000001,0.08822912264349532
0.176,0.08938414241512636
0.18,0.09048270524660196
0.184,0.09152411726209175
0.188,0.0925077206834458
0.192,0.0934328942456612
0.196,0.09429905358928646
0.2,0.09510565162951537
0.20400000000000001,0.09585217890173761
0.20800000000000002,0.09653816388332742
0.212,0.09716317329146741
0.216,0.09772681235681935
0.22,0.09822872507286888
0.224,0.0986685944207868
0.228,1.0990461425696652
0.232,1.0993611310520008
0.23600000000000002,1.0996133609143173
0.24,1.0998026728428272
0.244,1.099928947264059
0.248,1.0999921044203815
0.252,1.0999921044203815
0.256,1.099928947264059
0.26,1.0998026728428272
0.264,1.0996133609143173
0.268,1.0993611310520008
0.272,1.0990461425696652
0.276,0.0986685944207868
0.28,0.09822872507286888
0.28400000000000003,0.09772681235681935
0.28800000000000003,0.09716317329146741
0.292,0.09653816388332742
0.296,0.09585217890173761
0.3,0.09510565162951538
0.304,0.09429905358928647
0.308,0.0934328942456612
0.312,0.09250772068344582
0.316,0.09152411726209175
0.32,0.09048270524660196
0.324,0.08938414241512638
0.328,0.08822912264349532
0.332,0.08701837546695257
0.336,0.08575266561936523
0.34,0.0844327925502015
0.34400000000000003,0.08305958991958128
0.34800000000000003,0.0816339250717184
0.352,0.0801566984870877
0.356,0.07862884321366193
0.36,0.07705132427757894
0.364,0.07542513807361041
0.368,0.07375131173581741
0.372,0.07203090248879072
0.376,0.07026499697988493
0.38,0.06845471059286888
0.384,0.06660118674342518
0.388,0.06470559615694442
0.392,0.06276913612907005
0.396,0.06079302976946052
0.4,0.058778525229247314
0.404,0.05672689491267563
0.40800000000000003,0.05463943467342691
0.41200000000000003,0.052517462996129555
0.41600000000000004,0.05036232016357605
0.42,0.04817536741017156
0.424,0.0459579860621488
0.428,0.04371157666509329
0.432,0.041437558099328434
0.436,0.03913736668372024
0.44,0.03681245526846782
0.444,0.034464292317451704
0.448,0.03209436098072097
0.452,0.029704158157703497
0.456,0.027295193551732506
0.46,0.024868988716485487
0.464,0.022427076094938103
0.468,0.01997099805144071
0.47200000000000003,0.01750230589752759
0.47600000000000003,0.015022558912075712
0.48,0.012533323356430454
0.484,0.010036171485121499
0.488,0.007532680552793304
0.492,0.005024431817976967
0.496,0.0025130095443337813
0.5,1.2246467991473533e-17
0.504,-0.002513009544333757
0.508,-0.005024431817976942
0.512,-0.00753268055279328
0.516,-0.010036171485121474
0.52,-0.012533323356430433
0.524,-0.015022558912075691
0.528,-0.017502305897527614
0.532,-0.01997099805144073
0.536,-0.022427076094938124
0.54,-0.024868988716485504
0.544,-0.02729519355173253
0.548,-0.029704158157703515
0.552,-0.03209436098072096
0.556,-0.03446429231745173
0.56,-0.03681245526846784
0.5640000000000001,-0.03913736668372026
0.5680000000000001,-0.04143755809932845
0.5720000000000001,-0.04371157666509331
0.5760000000000001,-0.04595798606214882
0.58,-0.048175367410171505
0.584,-0.05036232016357604
0.588,-0.05251746299612954
0.592,-0.05463943467342689
0.596,-0.05672689491267561
0.6,-0.05877852522924729
0.604,-0.06079302976946051
0.608,-0.06276913612907002
0.612,-0.0647055961569444
0.616,-0.06660118674342515
0.62,-0.06845471059286888
0.624,-0.0702649969798849
0.628,-0.0720309024887907
0.632,-0.07375131173581738
0.636,-0.0754251380736104
0.64,-0.07705132427757895
0.644,-0.07862884321366187
0.648,-0.08015669848708766
0.652,-0.0816339250717184
0.656,-0.08305958991958129
0.66,-0.08443279255020153
0.664,-0.0857526656193652
0.668,-0.08701837546695255
0.672,-0.08822912264349532
0.676,-0.08938414241512638
0.68,-0.09048270524660196
0.684,-0.09152411726209174
0.6880000000000001,-0.0925077206834458
0.6920000000000001,-0.0934328942456612
0.6960000000000001,-0.09429905358928647
0.7000000000000001,-0.09510565162951536
0.704,-0.09585217890173758
0.708,-0.09653816388332738
0.712,-0.0971631732914674
0.716,-0.09772681235681935
0.72,-0.09822872507286888
0.724,-0.09866859442078679
0.728,-0.09904614256966511
0.732,-0.09936113105200083
0.736,-0.09961336091431724
0.74,-0.09980267284282718
0.744,-0.09992894726405895
0.748,-0.09999210442038163
0.752,-0.09999210442038163
0.756,-0.09992894726405895
0.76,-0.09980267284282718
0.764,-0.09961336091431724
0.768,-0.09936113105200084
0.772,-0.09904614256966512
0.776,-0.09866859442078679
0.78,-0.0982287250728689
0.784,-0.09772681235681936
0.788,-0.09716317329146741
0.792,-0.09653816388332741
0.796,-0.09585217890173758
0.8,-0.09510565162951538
0.804,-0.09429905358928646
0.808,-0.0934328942456612
0.812,-0.09250772068344579
0.8160000000000001,-0.09152411726209175
0.8200000000000001,-0.09048270524660196
0.8240000000000001,-0.08938414241512636
0.8280000000000001,-0.0882291226434953
0.8320000000000001,-0.08701837546695253
0.836,-0.08575266561936523
0.84,-0.08443279255020156
0.844,-0.0830595899195813
0.848,-0.08163392507171842
0.852,-0.08015669848708767
0.856,-0.0786288432136619
0.86,-0.07705132427757898
0.864,-0.07542513807361041
0.868,-0.07375131173581741
0.872,-0.0720309024887907
0.876,-0.07026499697988496
0.88,-0.0684547105928689
0.884,-0.06660118674342518
0.888,-0.06470559615694442
0.892,-0.06276913612907002
0.896,-0.06079302976946056
0.9,-0.05877852522924733
0.904,-0.05672689491267564
0.908,-0.054639434673426884
0.912,-0.05251746299612953
0.916,-0.050362320163576106
0.92,-0.04817536741017153
0.924,-0.045957986062148765
0.928,-0.04371157666509326
0.932,-0.04143755809932845
0.936,-0.039137366683720254
0.9400000000000001,-0.03681245526846779
0.9440000000000001,-0.03446429231745168
0.9480000000000001,-0.0320943609807209
0.9520000000000001,-0.029704158157703504
0.9560000000000001,-0.027295193551732516
0.96,-0.02486898871648554
0.964,-0.02242707609493816
0.968,-0.019970998051440723
0.972,-0.017502305897527604
0.976,-0.015022558912075771
0.98,-0.012533323356430467
0.984,-0.01003617148512151
0.988,-0.007532680552793273
0.992,-0.005024431817977022
0.996,-0.002513009544333794
1.0,-2.4492935982947065e-17
1.004,0.002513009544333745
1.008,0.005024431817976974
1.012,0.007532680552793223
1.016,0.01003617148512146
1.02,0.012533323356430419
1.024,0.01502255891207572
1.028,0.017502305897527555
1.032,0.019970998051440675
1.036,0.022427076094938114
1.04,0.024868988716485494
1.044,0.02729519355173256
1.048,0.029704158157703466
1.052,0.032094360980720944
1.056,0.03446429231745172
1.06,0.036812455268467825
1.064,0.039137366683720295
1.068,0.0414375580993284
1.072,0.043711576665093295
1.076,0.045957986062148806
1.08,0.04817536741017157
1.084,0.05036232016357606
1.088,0.05251746299612956
1.092,0.054639434673426926
1.096,0.05672689491267568
1.1,0.05877852522924736
1.104,0.06079302976946053
1.108,0.06276913612907006
1.112,0.06470559615694446
1.116,0.06660118674342522
1.12,0.06845471059286894
1.124,0.07026499697988493
1.1280000000000001,0.07203090248879072
1.1320000000000001,0.07375131173581743
1.1360000000000001,0.07542513807361045
1.1400000000000001,0.07705132427757894
1.1440000000000001,0.07862884321366193
1.1480000000000001,0.0801566984870877
1.1520000000000001,0.08163392507171846
1.156,0.08305958991958123
1.16,0.08443279255020147
1.164,0.0857526656193652
1.168,0.08701837546695251
1.172,0.08822912264349528
1.176,0.08938414241512634
1.18,0.09048270524660193
1.184,0.09152411726209174
1.188,0.09250772068344576
1.192,0.09343289424566119
1.196,0.09429905358928643
1.2,0.09510565162951536
1.204,0.09585217890173758
1.208,0.09653816388332738
1.212,0.0971631732914674
1.216,0.09772681235681935
1.22,0.09822872507286888
1.224,0.09866859442078679
1.228,1.0990461425696652
1.232,1.0993611310520008
1.236,1.0996133609143173
1.24,1.0998026728428272
1.244,1.099928947264059
1.248,1.0999921044203815
1.252,1.0999921044203815
1.256,1.099928947264059
1.26,1.0998026728428272
1.264,1.0996133609143173
1.268,1.0993611310520008
1.272,1.0990461425696652
1.276,0.0986685944207868
1.28,0.09822872507286887
1.284,0.09772681235681935
1.288,0.09716317329146744
1.292,0.09653816388332742
1.296,0.09585217890173763
1.3,0.09510565162951538
1.304,0.09429905358928647
1.308,0.0934328942456612
1.312,0.09250772068344579
1.316,0.09152411726209174
1.32,0.09048270524660192
1.324,0.08938414241512632
1.328,0.08822912264349536
1.332,0.08701837546695258
1.336,0.08575266561936523
1.34,0.08443279255020152
1.344,0.08305958991958126
1.348,0.08163392507171838
1.352,0.08015669848708763
1.356,0.07862884321366186
1.36,0.07705132427757887
1.364,0.07542513807361043
1.368,0.07375131173581742
1.372,0.0720309024887907
1.3760000000000001,0.0702649969798849
1.3800000000000001,0.06845471059286884
1.3840000000000001,0.06660118674342512
1.3880000000000001,0.06470559615694436
1.3920000000000001,0.06276913612906997
1.3960000000000001,0.06079302976946043
1.4000000000000001,0.05877852522924733
1.4040000000000001,0.05672689491267566
1.408,0.05463943467342704
1.412,0.05251746299612969
1.416,0.05036232016357618
1.42,0.048175367410171616
1.424,0.04595798606214886
1.428,0.04371157666509335
1.432,0.041437558099328455
1.436,0.03913736668372027
1.44,0.036812455268467804
1.444,0.03446429231745169
1.448,0.03209436098072108
1.452,0.02970415815770361
1.456,0.027295193551732617
1.46,0.024868988716485557
1.464,0.022427076094938173
1.468,0.019970998051440734
1.472,0.017502305897527614
1.476,0.015022558912075693
1.48,0.012533323356430391
1.484,0.010036171485121611
1.488,0.007532680552793373
1.492,0.005024431817977035
1.496,0.002513009544333806
1.5,3.6739403974420595e-17
1.504,-0.0025130095443337327
1.508,-0.0050244318179769615
1.512,-0.007532680552793301
1.516,-0.010036171485121538
1.52,-0.012533323356430318
1.524,-0.015022558912075622
1.528,-0.017502305897527545
1.532,-0.01997099805144066
1.536,-0.022427076094938103
1.54,-0.02486898871648548
1.544,-0.027295193551732544
1.548,-0.029704158157703532
1.552,-0.032094360980721014
1.556,-0.03446429231745162
1.56,-0.036812455268467735
1.564,-0.0391373666837202
1.568,-0.04143755809932839
1.572,-0.04371157666509328
1.576,-0.04595798606214879
1.58,-0.04817536741017156
1.584,-0.05036232016357613
1.588,-0.05251746299612963
1.592,-0.05463943467342698
1.596,-0.0567268949126756
1.6,-0.058778525229247286
1.604,-0.06079302976946052
1.608,-0.06276913612907005
1.612,-0.06470559615694445
1.616,-0.0666011867434252
1.62,-0.06845471059286892
1.624,-0.07026499697988499
1.6280000000000001,-0.07203090248879078
1.6320000000000001,-0.07375131173581738
1.6360000000000001,-0.07542513807361038
1.6400000000000001,-0.07705132427757894
1.6440000000000001,-0.07862884321366193
1.6480000000000001,-0.0801566984870877
1.6520000000000001,-0.08163392507171845
1.6560000000000001,-0.08305958991958132
1.6600000000000001,-0.08443279255020157
1.6640000000000001,-0.08575266561936529
1.668,-0.08701837546695254
1.672,-0.0882291226434953
1.676,-0.0893841424151263
1.68,-0.09048270524660189
1.684,-0.0915241172620917
1.688,-0.09250772068344576
1.692,-0.09343289424566117
1.696,-0.09429905358928643
1.7,-0.09510565162951536
1.704,-0.0958521789017376
1.708,-0.09653816388332742
1.712,-0.09716317329146741
1.716,-0.09772681235681933
1.72,-0.09822872507286885
1.724,-0.09866859442078679
1.728,-0.0990461425696651
1.732,-0.09936113105200084
1.736,-0.09961336091431724
1.74,-0.09980267284282716
1.744,-0.09992894726405895
1.748,-0.09999210442038163
1.752,-0.09999210442038164
1.756,-0.09992894726405895
1.76,-0.09980267284282718
1.764,-0.09961336091431726
1.768,-0.09936113105200084
1.772,-0.09904614256966511
1.776,-0.0986685944207868
1.78,-0.09822872507286887
1.784,-0.09772681235681935
1.788,-0.09716317329146744
1.792,-0.09653816388332742
1.796,-0.09585217890173763
1.8,-0.09510565162951538
1.804,-0.09429905358928647
1.808,-0.0934328942456612
1.812,-0.09250772068344579
1.816,-0.09152411726209174
1.82,-0.09048270524660192
1.824,-0.08938414241512632
1.828,-0.08822912264349536
1.832,-0.08701837546695258
1.836,-0.08575266561936523
1.84,-0.08443279255020152
1.844,-0.08305958991958126
1.848,-0.08163392507171839
1.852,-0.08015669848708763
1.856,-0.07862884321366186
1.86,-0.07705132427757888
1.864,-0.07542513807361044
1.868,-0.07375131173581743
1.872,-0.07203090248879071
1.8760000000000001,-0.07026499697988492
1.8800000000000001,-0.06845471059286885
1.8840000000000001,-0.06660118674342512
1.8880000000000001,-0.06470559615694436
1.8920000000000001,-0.06276913612906997
1.8960000000000001,-0.06079302976946044
1.9000000000000001,-0.05877852522924734
1.9040000000000001,-0.056726894912675664
1.9080000000000001,-0.054639434673426905
1.9120000000000001,-0.052517462996129555
1.9160000000000001,-0.05036232016357604
1.92,-0.04817536741017162
1.924,-0.045957986062148876
1.928,-0.043711576665093364
1.932,-0.04143755809932847
1.936,-0.03913736668372028
1.94,-0.03681245526846781
1.944,-0.034464292317451704
1.948,-0.0320943609807211
1.952,-0.029704158157703622
1.956,-0.027295193551732627
1.96,-0.024868988716485567
1.964,-0.022427076094938186
1.968,-0.019970998051440744
1.972,-0.017502305897527628
1.976,-0.015022558912075707
1.98,-0.012533323356430405
1.984,-0.010036171485121623
1.988,-0.007532680552793385
1.992,-0.005024431817977047
1.996,-0.002513009544333818
2.0,-4.898587196589413e-17
2.004,0.0025130095443337205
2.008,0.005024431817976949
2.012,0.007532680552793288
2.016,0.010036171485121526
2.02,0.012533323356430304
2.024,0.015022558912075608
2.028,0.01750230589752753
2.032,0.019970998051440647
2.036,0.02242707609493809
2.04,0.02486898871648547
2.044,0.027295193551732534
2.048,0.02970415815770352
2.052,0.032094360980721
2.056,0.03446429231745161
2.06,0.03681245526846772
2.064,0.039137366683720184
2.068,0.04143755809932838
2.072,0.043711576665093274
2.076,0.045957986062148785
2.08,0.048175367410171546
2.084,0.05036232016357611
2.088,0.05251746299612962
2.092,0.05463943467342698
2.096,0.05672689491267559
2.1,0.05877852522924727
2.104,0.06079302976946052
2.108,0.06276913612907004
2.112,0.06470559615694445
2.116,0.06660118674342519
2.12,0.06845471059286891
2.124,0.07026499697988499
2.128,0.07203090248879078
2.132,0.07375131173581737
2.136,0.07542513807361038
2.14,0.07705132427757894
2.144,0.07862884321366191
2.148,0.08015669848708769
2.152,0.08163392507171845
2.156,0.08305958991958132
2.16,0.08443279255020157
2.164,0.08575266561936529
2.168,0.08701837546695254
2.172,0.0882291226434953
2.176,0.08938414241512638
2.18,0.09048270524660196
2.184,0.09152411726209177
2.188,0.09250772068344583
2.192,0.09343289424566124
2.196,0.09429905358928649
2.2,0.09510565162951541
2.204,0.09585217890173765
2.208,0.09653816388332742
2.212,0.09716317329146741
2.216,0.09772681235681936
2.22,0.0982287250728689
2.224,0.09866859442078682
2.228,1.0990461425696652
2.232,1.0993611310520008
2.236,1.0996133609143173
2.24,1.0998026728428272
2.244,1.099928947264059
2.248,1.0999921044203815
2.2520000000000002,1.0999921044203815
2.2560000000000002,1.099928947264059
2.2600000000000002,1.0998026728428272
2.2640000000000002,1.0996133609143173
2.2680000000000002,1.0993611310520008
2.2720000000000002,1.0990461425696652
2.2760000000000002,0.09866859442078679
2.2800000000000002,0.09822872507286888
2.2840000000000003,0.09772681235681935
2.2880000000000003,0.0971631732914674
2.2920000000000003,0.09653816388332738
2.2960000000000003,0.09585217890173758
2.3000000000000003,0.09510565162951534
2.3040000000000003,0.09429905358928642
2.308,0.09343289424566129
2.312,0.09250772068344587
2.316,0.09152411726209181
2.32,0.090482705246602
2.324,0.08938414241512643
2.328,0.08822912264349536
2.332,0.0870183754669526
2.336,0.08575266561936534
2.34,0.08443279255020163
2.344,0.08305958991958137
2.348,0.0816339250717185
2.352,0.08015669848708776
2.356,0.07862884321366198
2.36,0.077051324277579
2.364,0.07542513807361045
2.368,0.07375131173581743
2.372,0.07203090248879085
2.376,0.07026499697988507
2.38,0.06845471059286899
2.384,0.06660118674342527
2.388,0.06470559615694453
2.392,0.06276913612907013
2.396,0.0607930297694606
2.4,0.05877852522924736
2.404,0.05672689491267568
2.408,0.05463943467342707
2.412,0.05251746299612972
2.416,0.05036232016357622
2.42,0.04817536741017164
2.424,0.04595798606214888
2.428,0.04371157666509337
2.432,0.041437558099328475
2.436,0.03913736668372029
2.44,0.03681245526846782
2.444,0.03446429231745171
2.448,0.032094360980721104
2.452,0.029704158157703626
2.456,0.02729519355173264
2.46,0.024868988716485574
2.464,0.022427076094938197
2.468,0.019970998051440758
2.472,0.01750230589752764
2.476,0.015022558912075719
2.48,0.012533323356430415
2.484,0.010036171485121634
2.488,0.007532680552793398
2.492,0.0050244318179770596
2.496,0.0025130095443338303
2.5,6.123233995736766e-17
2.504,-0.0025130095443337084
2.508,-0.005024431817976937
2.512,-0.0075326805527932755
2.516,-0.010036171485121514
2.52,-0.012533323356430294
2.524,-0.015022558912075596
2.528,-0.017502305897527517
2.532,-0.019970998051440637
2.536,-0.022427076094938075
2.54,-0.02486898871648546
2.544,-0.027295193551732523
2.548,-0.029704158157703345
2.552,-0.032094360980720986
2.556,-0.0344642923174516
2.56,-0.036812455268467874
2.564,-0.03913736668372018
2.568,-0.04143755809932853
2.572,-0.04371157666509326
2.576,-0.04595798606214862
2.58,-0.04817536741017153
2.584,-0.05036232016357595
2.588,-0.05251746299612961
2.592,-0.054639434673426815
2.596,-0.05672689491267571
2.6,-0.05877852522924725
2.604,-0.06079302976946064
2.608,-0.06276913612907002
2.612,-0.0647055961569443
2.616,-0.06660118674342518
2.62,-0.06845471059286877
2.624,-0.07026499697988496
2.628,-0.07203090248879063
2.632,-0.07375131173581748
2.636,-0.07542513807361036
2.64,-0.07705132427757903
2.644,-0.0786288432136619
2.648,-0.08015669848708779
2.652,-0.08163392507171842
2.656,-0.0830595899195812
2.66,-0.08443279255020156
2.664,-0.08575266561936518
2.668,-0.08701837546695262
2.672,-0.0882291226434953
2.676,-0.08938414241512643
2.68,-0.09048270524660196
2.684,-0.09152411726209182
2.688,-0.09250772068344582
2.692,-0.09343289424566116
2.696,-0.09429905358928647
2.7,-0.09510565162951534
2.704,-0.09585217890173764
2.708,-0.09653816388332741
2.712,-0.09716317329146745
2.716,-0.09772681235681936
2.72,-0.09822872507286892
2.724,-0.09866859442078682
2.728,-0.0990461425696651
2.732,-0.09936113105200084
2.736,-0.09961336091431724
2.74,-0.09980267284282718
2.744,-0.09992894726405895
2.748,-0.09999210442038163
2.7520000000000002,-0.09999210442038163
2.7560000000000002,-0.09992894726405893
2.7600000000000002,-0.09980267284282718
2.7640000000000002,-0.09961336091431726
2.7680000000000002,-0.09936113105200083
2.7720000000000002,-0.09904614256966512
2.7760000000000002,-0.09866859442078679
2.7800000000000002,-0.09822872507286888
2.7840000000000003,-0.09772681235681932
2.7880000000000003,-0.0971631732914674
2.7920000000000003,-0.09653816388332735
2.7960000000000003,-0.09585217890173758
2.8000000000000003,-0.0951056516295154
2.8040000000000003,-0.09429905358928642
2.8080000000000003,-0.0934328942456612
2.8120000000000003,-0.09250772068344573
2.816,-0.09152411726209188
2.82,-0.090482705246602
2.824,-0.08938414241512649
2.828,-0.08822912264349536
2.832,-0.08701837546695268
2.836,-0.08575266561936525
2.84,-0.08443279255020163
2.844,-0.08305958991958129
2.848,-0.08163392507171852
2.852,-0.08015669848708787
2.856,-0.07862884321366198
2.86,-0.07705132427757912
2.864,-0.07542513807361045
2.868,-0.07375131173581757
2.872,-0.07203090248879072
2.876,-0.07026499697988507
2.88,-0.06845471059286888
2.884,-0.06660118674342529
2.888,-0.0647055961569444
2.892,-0.06276913612907013
2.896,-0.06079302976946075
2.9,-0.05877852522924737
2.904,-0.05672689491267583
2.908,-0.054639434673426926
2.912,-0.05251746299612973
2.916,-0.05036232016357607
2.92,-0.04817536741017166
2.924,-0.04595798606214874
2.928,-0.04371157666509338
2.932,-0.04143755809932865
2.936,-0.0391373666837203
2.94,-0.036812455268468
2.944,-0.034464292317451725
2.948,-0.03209436098072112
2.952,-0.02970415815770347
2.956,-0.02729519355173265
2.96,-0.024868988716485414
2.964,-0.022427076094938207
2.968,-0.019970998051440942
2.972,-0.01750230589752765
2.976,-0.015022558912075904
2.98,-0.012533323356430426
2.984,-0.010036171485121648
2.988,-0.007532680552793232
2.992,-0.005024431817977072
2.996,-0.002513009544333665
3.0,-7.347880794884119e-17
3.004,0.002513009544333518
3.008,0.005024431817976925
3.012,0.0075326805527930855
3.016,0.010036171485121502
3.02,0.012533323356430282
3.024,0.015022558912075762
3.028,0.017502305897527506
3.032,0.0199709980514408
3.036,0.022427076094938065
3.04,0.024868988716485275
3.044,0.027295193551732513
3.048,0.02970415815770333
3.052,0.03209436098072098
3.056,0.03446429231745159
3.06,0.03681245526846787
3.064,0.03913736668372017
3.068,0.04143755809932852
3.072,0.04371157666509325
3.076,0.045957986062148605
3.08,0.04817536741017152
3.084,0.05036232016357594
3.088,0.052517462996129596
3.092,0.0546394346734268
3.096,0.05672689491267571
3.1,0.05877852522924724
3.104,0.06079302976946063
3.108,0.06276913612907002
3.112,0.06470559615694428
3.116,0.06660118674342518
3.12,0.06845471059286877
3.124,0.07026499697988496
3.128,0.07203090248879061
3.132,0.07375131173581746
3.136,0.07542513807361034
3.14,0.07705132427757903
3.144,0.0786288432136619
3.148,0.08015669848708779
3.152,0.08163392507171842
3.156,0.08305958991958119
3.16,0.08443279255020156
3.164,0.08575266561936518
3.168,0.08701837546695262
3.172,0.0882291226434953
3.176,0.08938414241512643
3.18,0.09048270524660196
3.184,0.09152411726209182
3.188,0.09250772068344582
3.192,0.09343289424566116
3.196,0.09429905358928647
3.2,0.09510565162951534
3.204,0.09585217890173764
3.208,0.09653816388332741
3.212,0.09716317329146745
3.216,0.09772681235681936
3.22,0.09822872507286892
3.224,0.09866859442078682
3.228,1.0990461425696652
3.232,1.0993611310520008
3.236,1.0996133609143173
3.24,1.0998026728428272
3.244,1.099928947264059
3.248,1.0999921044203815
3.2520000000000002,1.0999921044203815
3.2560000000000002,1.099928947264059
3.2600000000000002,1.0998026728428272
3.2640000000000002,1.0996133609143173
3.2680000000000002,1.0993611310520008
3.2720000000000002,1.0990461425696652
3.2760000000000002,0.09866859442078679
3.2800000000000002,0.09822872507286888
3.2840000000000003,0.09772681235681933
3.2880000000000003,0.0971631732914674
3.2920000000000003,0.09653816388332735
3.2960000000000003,0.09585217890173758
3.3000000000000003,0.0951056516295154
3.3040000000000003,0.09429905358928642
3.3080000000000003,0.09343289424566122
3.3120000000000003,0.09250772068344575
3.3160000000000003,0.09152411726209175
3.3200000000000003,0.09048270524660186
3.3240000000000003,0.08938414241512635
3.3280000000000003,0.08822912264349521
3.332,0.0870183754669527
3.336,0.08575266561936526
3.34,0.08443279255020164
3.344,0.08305958991958129
3.348,0.08163392507171852
3.352,0.08015669848708788
3.356,0.078628843213662
3.36,0.07705132427757913
3.364,0.07542513807361045
3.368,0.07375131173581757
3.372,0.07203090248879074
3.376,0.07026499697988507
3.38,0.06845471059286888
3.384,0.06660118674342529
3.388,0.06470559615694442
3.392,0.06276913612907015
3.396,0.060793029769460764
3.4,0.05877852522924737
3.404,0.056726894912675845
3.408,0.05463943467342694
3.412,0.05251746299612974
3.416,0.050362320163576085
3.42,0.048175367410171664
3.424,0.045957986062148744
3.428,0.04371157666509339
3.432,0.04143755809932866
3.436,0.03913736668372031
3.44,0.03681245526846801
3.444,0.03446429231745173
3.448,0.032094360980721125
3.452,0.029704158157703484
3.456,0.027295193551732662
3.46,0.024868988716485425
3.464,0.02242707609493822
3.468,0.019970998051440956
3.472,0.017502305897527663
3.476,0.015022558912075918
3.48,0.01253332335643044
3.484,0.01003617148512166
3.488,0.007532680552793245
3.492,0.005024431817977085
3.496,0.002513009544333677
3.5,8.572527594031473e-17
3.504,-0.002513009544333506
3.508,-0.005024431817976912
3.512,-0.0075326805527930725
3.516,-0.010036171485121488
3.52,-0.012533323356430268
3.524,-0.015022558912075748
3.528,-0.017502305897527493
3.532,-0.019970998051440786
3.536,-0.02242707609493805
3.54,-0.024868988716485265
3.544,-0.027295193551732502
3.548,-0.02970415815770332
3.552,-0.032094360980720965
3.556,-0.03446429231745158
3.56,-0.03681245526846785
3.564,-0.03913736668372016
3.568,-0.0414375580993285
3.572,-0.04371157666509324
3.576,-0.0459579860621486
3.58,-0.048175367410171505
3.584,-0.050362320163575926
3.588,-0.05251746299612958
3.592,-0.054639434673426794
3.596,-0.0567268949126757
3.6,-0.05877852522924724
3.604,-0.06079302976946062
3.608,-0.06276913612907001
3.612,-0.06470559615694427
3.616,-0.06660118674342516
3.62,-0.06845471059286876
3.624,-0.07026499697988496
3.628,-0.07203090248879061
3.632,-0.07375131173581745
3.636,-0.07542513807361034
3.64,-0.07705132427757902
3.644,-0.07862884321366188
3.648,-0.08015669848708777
3.652,-0.0816339250717184
3.656,-0.08305958991958119
3.66,-0.08443279255020154
3.664,-0.08575266561936518
3.668,-0.08701837546695261
3.672,-0.08822912264349529
3.676,-0.08938414241512643
3.68,-0.09048270524660193
3.684,-0.09152411726209182
3.688,-0.09250772068344582
3.692,-0.09343289424566116
3.696,-0.09429905358928647
3.7,-0.09510565162951534
3.704,-0.09585217890173764
3.708,-0.0965381638833274
3.712,-0.09716317329146745
3.716,-0.09772681235681935
3.72,-0.09822872507286891
3.724,-0.09866859442078682
3.728,-0.0990461425696651
3.732,-0.09936113105200084
3.736,-0.09961336091431724
3.74,-0.09980267284282718
3.744,-0.09992894726405895
3.748,-0.09999210442038164
3.7520000000000002,-0.09999210442038164
3.7560000000000002,-0.09992894726405893
3.7600000000000002,-0.09980267284282716
3.7640000000000002,-0.09961336091431726
3.7680000000000002,-0.09936113105200083
3.7720000000000002,-0.09904614256966511
3.7760000000000002,-0.09866859442078679
3.7800000000000002,-0.09822872507286888
3.7840000000000003,-0.09772681235681933
3.7880000000000003,-0.0971631732914674
3.7920000000000003,-0.09653816388332735
3.7960000000000003,-0.09585217890173758
3.8000000000000003,-0.0951056516295154
3.8040000000000003,-0.09429905358928642
3.8080000000000003,-0.09343289424566122
3.8120000000000003,-0.09250772068344575
3.8160000000000003,-0.09152411726209175
3.8200000000000003,-0.09048270524660186
3.8240000000000003,-0.08938414241512635
3.8280000000000003,-0.08822912264349521
3.8320000000000003,-0.08701837546695251
3.8360000000000003,-0.08575266561936526
3.84,-0.08443279255020164
3.844,-0.08305958991958129
3.848,-0.08163392507171852
3.852,-0.08015669848708788
3.856,-0.078628843213662
3.86,-0.07705132427757914
3.864,-0.07542513807361047
3.868,-0.07375131173581759
3.872,-0.07203090248879075
3.876,-0.07026499697988509
3.88,-0.06845471059286888
3.884,-0.0666011867434253
3.888,-0.06470559615694442
3.892,-0.06276913612907015
3.896,-0.06079302976946077
3.9,-0.05877852522924738
3.904,-0.05672689491267585
3.908,-0.05463943467342695
3.912,-0.05251746299612974
3.916,-0.05036232016357609
3.92,-0.04817536741017167
3.924,-0.045957986062148765
3.928,-0.043711576665093406
3.932,-0.04143755809932867
3.936,-0.03913736668372032
3.94,-0.036812455268468026
3.944,-0.03446429231745175
3.948,-0.032094360980721146
3.952,-0.029704158157703497
3.956,-0.02729519355173268
3.96,-0.024868988716485442
3.964,-0.022427076094938228
3.968,-0.019970998051440966
3.972,-0.017502305897527673
3.976,-0.015022558912075929
3.98,-0.012533323356430452
3.984,-0.010036171485121672
3.988,-0.007532680552793257
3.992,-0.005024431817977096
3.996,-0.0025130095443336893
4.0,-9.797174393178826e-17
4.0040000000000004,0.002513009544333849
4.008,0.005024431817976901
4.0120000000000005,0.007532680552793415
4.016,0.010036171485121476
4.0200000000000005,0.012533323356430613
4.024,0.015022558912075738
4.0280000000000005,0.017502305897527833
4.032,0.019970998051440775
4.0360000000000005,0.022427076094938388
4.04,0.024868988716485248
4.0440000000000005,0.02729519355173283
4.048,0.029704158157703303
4.0520000000000005,0.03209436098072129
4.056,0.034464292317451566
4.0600000000000005,0.03681245526846784
4.064,0.03913736668372014
4.0680000000000005,0.041437558099328496
4.072,0.043711576665093226
4.0760000000000005,0.045957986062148896
4.08,0.048175367410171505
4.0840000000000005,0.050362320163576224
4.088,0.052517462996129576
4.0920000000000005,0.05463943467342708
4.096,0.056726894912675685
4.1,0.05877852522924694
4.104,0.060793029769460605
4.108,0.06276913612906972
4.112,0.06470559615694427
4.116,0.06660118674342488
4.12,0.06845471059286874
4.124,0.07026499697988468
4.128,0.07203090248879061
4.132,0.07375131173581721
4.136,0.07542513807361034
4.14,0.07705132427757878
4.144,0.07862884321366187
4.148,0.08015669848708756
4.152,0.0816339250717184
4.156,0.08305958991958118
4.16,0.08443279255020154
4.164,0.08575266561936518
4.168,0.08701837546695261
4.172,0.08822912264349513
4.176,0.08938414241512643
4.18,0.09048270524660179
4.184,0.09152411726209182
4.188,0.09250772068344568
4.192,0.09343289424566116
4.196,0.09429905358928636
4.2,0.09510565162951534
4.204,0.09585217890173754
4.208,0.0965381638833274
4.212,0.09716317329146736
4.216,0.09772681235681935
4.22,0.09822872507286884
4.224,0.09866859442078682
4.228,1.0990461425696652
4.232,1.0993611310520008
4.236,1.0996133609143173
4.24,1.0998026728428272
4.244,1.099928947264059
4.248,1.0999921044203815
4.252,1.0999921044203815
4.256,1.099928947264059
4.26,1.0998026728428272
4.264,1.0996133609143173
4.268,1.0993611310520008
4.272,1.0990461425696652
4.276,0.09866859442078685
4.28,0.0982287250728689
4.284,0.0977268123568194
4.288,0.09716317329146741
4.292,0.09653816388332745
4.296,0.09585217890173758
4.3,0.0951056516295154
4.304,0.09429905358928642
4.308,0.09343289424566123
4.312,0.09250772068344576
4.316,0.0915241172620919
4.32,0.09048270524660186
4.324,0.08938414241512652
4.328,0.08822912264349522
4.332,0.08701837546695271
4.336,0.08575266561936527
4.34,0.08443279255020164
4.344,0.0830595899195813
4.348,0.08163392507171853
4.352,0.08015669848708767
4.356,0.07862884321366201
4.36,0.07705132427757892
4.364,0.07542513807361048
4.368,0.07375131173581735
4.372,0.07203090248879075
4.376,0.07026499697988485
4.38,0.0684547105928689
4.384,0.06660118674342505
4.388,0.06470559615694442
4.392,0.06276913612906988
4.396,0.06079302976946077
4.4,0.058778525229247106
4.404,0.056726894912675865
4.408,0.05463943467342666
4.412,0.05251746299612975
4.416,0.050362320163576106
4.42,0.048175367410171685
4.424,0.045957986062148765
4.428,0.04371157666509342
4.432,0.041437558099328364
4.436,0.03913736668372034
4.44,0.03681245526846771
4.444,0.03446429231745176
4.448,0.03209436098072082
4.452,0.029704158157703504
4.456,0.027295193551732346
4.46,0.024868988716485452
4.464,0.0224270760949379
4.468,0.01997099805144098
4.472,0.017502305897527336
4.476,0.015022558912075943
4.48,0.012533323356430114
4.484,0.010036171485121682
4.488,0.0075326805527932686
4.492,0.005024431817977109
4.496,0.002513009544333702
4.5,1.1021821192326179e-16
4.5040000000000004,-0.0025130095443338368
4.508,-0.005024431817976888
4.5120000000000005,-0.007532680552793405
4.516,-0.010036171485121466
4.5200000000000005,-0.0125333233564306
4.524,-0.015022558912075724
4.5280000000000005,-0.01750230589752782
4.532,-0.01997099805144076
4.5360000000000005,-0.022427076094938374
4.54,-0.024868988716485237
4.5440000000000005,-0.027295193551732818
4.548,-0.029704158157703293
4.5520000000000005,-0.03209436098072128
4.556,-0.03446429231745155
4.5600000000000005,-0.036812455268467825
4.564,-0.03913736668372013
4.5680000000000005,-0.04143755809932848
4.572,-0.04371157666509322
4.5760000000000005,-0.04595798606214889
4.58,-0.04817536741017149
4.5840000000000005,-0.05036232016357622
4.588,-0.05251746299612956
4.5920000000000005,-0.05463943467342707
4.596,-0.05672689491267568
4.6000000000000005,-0.05877852522924751
4.604,-0.0607930297694606
4.6080000000000005,-0.06276913612907026
4.612,-0.06470559615694425
4.616,-0.06660118674342488
4.62,-0.06845471059286873
4.624,-0.07026499697988468
4.628,-0.0720309024887906
4.632,-0.0737513117358172
4.636,-0.07542513807361034
4.64,-0.07705132427757877
4.644,-0.07862884321366187
4.648,-0.08015669848708755
4.652,-0.0816339250717184
4.656,-0.08305958991958118
4.66,-0.08443279255020153
4.664,-0.08575266561936516
4.668,-0.0870183754669526
4.672,-0.08822912264349511
4.676,-0.08938414241512643
4.68,-0.09048270524660178
4.684,-0.09152411726209181
4.688,-0.09250772068344568
4.692,-0.09343289424566115
4.696,-0.09429905358928636
4.7,-0.09510565162951534
4.704,-0.09585217890173753
4.708,-0.09653816388332738
4.712,-0.09716317329146736
4.716,-0.09772681235681935
4.72,-0.09822872507286884
4.724,-0.0986685944207868
4.728,-0.0990461425696651
4.732,-0.09936113105200084
4.736,-0.09961336091431723
4.74,-0.09980267284282716
4.744,-0.09992894726405893
4.748,-0.09999210442038163
4.752,-0.09999210442038164
4.756,-0.09992894726405895
4.76,-0.09980267284282718
4.764,-0.09961336091431726
4.768,-0.09936113105200087
4.772,-0.09904614256966514
4.776,-0.09866859442078685
4.78,-0.0982287250728689
4.784,-0.0977268123568194
4.788,-0.09716317329146741
4.792,-0.09653816388332745
4.796,-0.0958521789017376
4.8,-0.09510565162951541
4.804,-0.09429905358928643
4.808,-0.09343289424566124
4.812,-0.09250772068344576
4.816,-0.09152411726209192
4.82,-0.09048270524660189
4.824,-0.08938414241512653
4.828,-0.08822912264349524
4.832,-0.08701837546695272
4.836,-0.08575266561936529
4.84,-0.08443279255020165
4.844,-0.0830595899195813
4.848,-0.08163392507171853
4.852,-0.08015669848708767
4.856,-0.07862884321366202
4.86,-0.07705132427757894
4.864,-0.07542513807361048
4.868,-0.07375131173581735
4.872,-0.07203090248879077
4.876,-0.07026499697988485
4.88,-0.06845471059286891
4.884,-0.06660118674342505
4.888,-0.06470559615694443
4.892,-0.0627691361290699
4.896,-0.060793029769460785
4.9,-0.05877852522924712
4.904,-0.05672689491267588
4.908,-0.05463943467342667
4.912,-0.05251746299612976
4.916,-0.05036232016357611
4.92,-0.0481753674101717
4.924,-0.04595798606214878
4.928,-0.04371157666509343
4.932,-0.04143755809932837
4.936,-0.039137366683720344
4.94,-0.036812455268467714
4.944,-0.034464292317451774
4.948,-0.032094360980720826
4.952,-0.029704158157703515
4.956,-0.027295193551732357
4.96,-0.024868988716485463
4.964,-0.02242707609493791
4.968,-0.019970998051440994
4.972,-0.01750230589752735
4.976,-0.015022558912075955
4.98,-0.012533323356430124
4.984,-0.010036171485121696
4.988,-0.007532680552793281
4.992,-0.00502443181797712
4.996,-0.002513009544333714
5.0,-1.2246467991473532e-16
5.0040000000000004,0.0025130095443338246
5.008,0.0050244318179768765
5.0120000000000005,0.007532680552793392
5.016,0.010036171485121453
5.0200000000000005,0.012533323356430587
5.024,0.015022558912075712
5.0280000000000005,0.01750230589752781
5.032,0.01997099805144075
5.0360000000000005,0.022427076094938363
5.04,0.024868988716485227
5.0440000000000005,0.027295193551732808
5.048,0.029704158157703282
5.0520000000000005,0.032094360980721263
5.056,0.03446429231745154
5.0600000000000005,0.03681245526846782
5.064,0.039137366683720115
5.0680000000000005,0.041437558099328475
5.072,0.043711576665093205
5.0760000000000005,0.045957986062148876
5.08,0.04817536741017148
5.0840000000000005,0.0503623201635762
5.088,0.052517462996129555
5.0920000000000005,0.05463943467342706
5.096,0.05672689491267538
5.1000000000000005,0.058778525229247494
5.104,0.0607930297694606
5.1080000000000005,0.06276913612906998
5.112,0.06470559615694425
5.1160000000000005,0.0666011867434254
5.12,0.06845471059286899
5.124,0.07026499697988493
5.128,0.0720309024887906
5.132,0.0737513117358172
5.136,0.07542513807361056
5.14,0.07705132427757855
5.144,0.07862884321366187
5.148,0.08015669848708754
5.152,0.08163392507171818
5.156,0.08305958991958097
5.16,0.08443279255020152
5.164,0.08575266561936515
5.168,0.08701837546695242
5.172,0.08822912264349511
5.176,0.0893841424151264
5.18,0.09048270524660192
5.184,0.09152411726209166
5.188,0.09250772068344565
5.192,0.09343289424566126
5.196,0.09429905358928647
5.2,0.09510565162951533
5.204,0.09585217890173753
5.208,0.09653816388332748
5.212,0.09716317329146727
5.216,0.09772681235681935
5.22,0.09822872507286884
5.224,0.09866859442078674
5.228,1.0990461425696652
5.232,1.0993611310520008
5.236,1.0996133609143173
5.24,1.0998026728428272
5.244,1.099928947264059
5.248,1.0999921044203815
5.252,1.0999921044203815
5.256,1.099928947264059
5.26,1.0998026728428272
5.264,1.0996133609143173
5.268,1.0993611310520008
5.272,1.0990461425696652
5.276,0.09866859442078685
5.28,0.09822872507286882
5.284,0.09772681235681949
5.288,0.09716317329146741
5.292,0.09653816388332745
5.296,0.0958521789017375
5.3,0.09510565162951551
5.304,0.09429905358928643
5.308,0.09343289424566124
5.312,0.0925077206834459
5.316,0.09152411726209192
5.32,0.09048270524660189
5.324,0.08938414241512638
5.328,0.0882291226434954
5.332,0.08701837546695272
5.336,0.0857526656193651
5.34,0.08443279255020147
5.344,0.08305958991958132
5.348,0.08163392507171854
5.352,0.08015669848708748
5.356,0.07862884321366224
5.36,0.07705132427757894
5.364,0.0754251380736105
5.368,0.07375131173581713
5.372,0.07203090248879102
5.376,0.07026499697988485
5.38,0.06845471059286891
5.384,0.06660118674342533
5.388,0.06470559615694471
5.392,0.06276913612906991
5.396,0.06079302976946052
5.4,0.05877852522924742
5.404,0.05672689491267588
5.408,0.05463943467342668
5.412,0.05251746299612947
5.416,0.05036232016357611
5.42,0.0481753674101717
5.424,0.04595798606214847
5.428,0.04371157666509376
5.432,0.041437558099328385
5.436,0.03913736668372036
5.44,0.036812455268467395
5.444,0.034464292317452114
5.448,0.03209436098072084
5.452,0.029704158157703525
5.456,0.02729519355173271
5.46,0.02486898871648582
5.464,0.022427076094937923
5.468,0.019970998051440658
5.472,0.01750230589752771
5.476,0.015022558912075969
5.48,0.012533323356430138
5.484,0.010036171485121356
5.488,0.007532680552793294
5.492,0.005024431817977133
5.496,0.002513009544333371
5.5,4.899825157862589e-16
5.5040000000000004,-0.0025130095443338125
5.508,-0.005024431817976864
5.5120000000000005,-0.0075326805527937335
5.516,-0.010036171485121087
5.5200000000000005,-0.012533323356430573
5.524,-0.015022558912075698
5.5280000000000005,-0.017502305897527447
5.532,-0.01997099805144039
5.5360000000000005,-0.02242707609493835
5.54,-0.02486898871648556
5.5440000000000005,-0.027295193551732457
5.548,-0.029704158157703272
5.5520000000000005,-0.032094360980721263
5.556,-0.034464292317451864
5.5600000000000005,-0.03681245526846781
5.564,-0.039137366683720115
5.5680000000000005,-0.04143755809932878
5.572,-0.04371157666509352
5.5760000000000005,-0.04595798606214887
5.58,-0.04817536741017147
5.5840000000000005,-0.0503623201635765
5.588,-0.05251746299612924
5.5920000000000005,-0.05463943467342705
5.596,-0.056726894912675664
5.6000000000000005,-0.058778525229247196
5.604,-0.060793029769460306
5.6080000000000005,-0.06276913612907024
5.612,-0.06470559615694452
5.6160000000000005,-0.06660118674342512
5.62,-0.06845471059286871
5.6240000000000006,-0.07026499697988518
5.628,-0.07203090248879084
5.632,-0.07375131173581695
5.636,-0.07542513807361031
5.64,-0.07705132427757877
5.644,-0.07862884321366208
5.648,-0.08015669848708733
5.652,-0.08163392507171839
5.656,-0.08305958991958118
5.66,-0.08443279255020132
5.664,-0.08575266561936497
5.668,-0.08701837546695258
5.672,-0.08822912264349526
5.676,-0.08938414241512625
5.68,-0.09048270524660178
5.684,-0.09152411726209181
5.688,-0.09250772068344579
5.692,-0.09343289424566115
5.696,-0.09429905358928635
5.7,-0.09510565162951544
5.704,-0.09585217890173742
5.708,-0.09653816388332738
5.712,-0.09716317329146736
5.716,-0.09772681235681943
5.72,-0.09822872507286877
5.724,-0.0986685944207868
5.728,-0.0990461425696651
5.732,-0.09936113105200078
5.736,-0.0996133609143172
5.74,-0.09980267284282718
5.744,-0.09992894726405893
5.748,-0.09999210442038164
5.752,-0.09999210442038163
5.756,-0.09992894726405893
5.76,-0.09980267284282718
5.764,-0.09961336091431726
5.768,-0.09936113105200087
5.772,-0.09904614256966508
5.776,-0.09866859442078679
5.78,-0.0982287250728689
5.784,-0.0977268123568194
5.788,-0.09716317329146734
5.792,-0.09653816388332756
5.796,-0.09585217890173761
5.8,-0.09510565162951541
5.804,-0.09429905358928656
5.808,-0.09343289424566137
5.812,-0.09250772068344576
5.816,-0.09152411726209178
5.82,-0.09048270524660204
5.824,-0.08938414241512654
5.828,-0.08822912264349524
5.832,-0.08701837546695255
5.836,-0.0857526656193653
5.84,-0.08443279255020167
5.844,-0.08305958991958112
5.848,-0.08163392507171835
5.852,-0.0801566984870877
5.856,-0.07862884321366204
5.86,-0.07705132427757871
5.864,-0.07542513807361073
5.868,-0.07375131173581738
5.872,-0.07203090248879078
5.876,-0.07026499697988513
5.88,-0.06845471059286919
5.884,-0.06660118674342506
5.888,-0.06470559615694445
5.892,-0.06276913612907019
5.896,-0.060793029769460806
5.9,-0.05877852522924714
5.904,-0.0567268949126756
5.908,-0.05463943467342698
5.912,-0.052517462996129784
5.916,-0.05036232016357583
5.92,-0.0481753674101714
5.924,-0.0459579860621488
5.928,-0.04371157666509345
5.932,-0.041437558099328066
5.936,-0.03913736668372069
5.94,-0.036812455268467735
5.944,-0.03446429231745179
5.948,-0.03209436098072118
5.952,-0.029704158157703876
5.956,-0.027295193551732377
5.96,-0.024868988716485487
5.964,-0.02242707609493828
5.968,-0.019970998051441015
5.972,-0.017502305897527375
5.976,-0.015022558912075627
5.98,-0.012533323356430502
5.984,-0.01003617148512172
5.988,-0.007532680552792952
5.992,-0.005024431817976791
5.996,-0.0025130095443337387
6.0,-1.4695761589768238e-16
6.0040000000000004,0.002513009544334155
6.008,0.005024431817976497
6.0120000000000005,0.007532680552793367
6.016,0.010036171485121427
6.0200000000000005,0.012533323356430915
6.024,0.015022558912075337
6.0280000000000005,0.017502305897527784
6.032,0.01997099805144073
6.0360000000000005,0.022427076094937992
6.04,0.024868988716485206
6.0440000000000005,0.027295193551732783
6.048,0.029704158157703605
6.0520000000000005,0.03209436098072091
6.056,0.03446429231745152
6.0600000000000005,0.036812455268468124
6.064,0.03913736668372043
6.0680000000000005,0.04143755809932845
6.072,0.043711576665093184
6.0760000000000005,0.045957986062149174
6.08,0.048175367410171144
6.0840000000000005,0.05036232016357618
6.088,0.05251746299612954
6.0920000000000005,0.054639434673427335
6.096,0.05672689491267535
6.1000000000000005,0.05877852522924747
6.104,0.06079302976946058
6.1080000000000005,0.06276913612906997
6.112,0.06470559615694424
6.1160000000000005,0.06660118674342538
6.12,0.06845471059286898
6.1240000000000006,0.0702649969798849
6.128,0.07203090248879057
6.132000000000001,0.07375131173581766
6.136,0.07542513807361055
6.140000000000001,0.07705132427757899
6.144,0.07862884321366186
6.148,0.08015669848708752
6.152,0.08163392507171818
6.156,0.08305958991958096
6.16,0.0844327925502015
6.164,0.08575266561936513
6.168,0.0870183754669524
6.172,0.08822912264349508
6.176,0.0893841424151264
6.18,0.0904827052466019
6.184,0.09152411726209166
6.188,0.09250772068344565
6.192,0.09343289424566126
6.196,0.09429905358928646
6.2,0.09510565162951533
6.204,0.09585217890173753
6.208,0.09653816388332748
6.212,0.09716317329146726
6.216,0.09772681235681935
6.22,0.09822872507286884
6.224,0.09866859442078674
6.228,1.099046142569665
6.232,1.0993611310520008
6.236,1.0996133609143173
6.24,1.0998026728428272
6.244,1.099928947264059
6.248,1.0999921044203815
6.252,1.0999921044203815
6.256,1.099928947264059
6.26,1.0998026728428272
6.264,1.0996133609143173
6.268,1.0993611310520008
6.272,1.0990461425696652
6.276,0.09866859442078685
6.28,0.09822872507286884
6.284,0.0977268123568195
6.288,0.09716317329146743
6.292,0.09653816388332746
6.296,0.0958521789017375
6.3,0.09510565162951552
6.304,0.09429905358928643
6.308,0.09343289424566124
6.312,0.0925077206834459
6.316,0.09152411726209192
6.32,0.09048270524660189
6.324,0.08938414241512638
6.328,0.08822912264349542
6.332,0.08701837546695274
6.336,0.08575266561936512
6.34,0.08443279255020147
6.344,0.08305958991958133
6.348,0.08163392507171856
6.352,0.0801566984870875
6.356,0.07862884321366226
6.36,0.07705132427757894
6.364,0.07542513807361051
6.368,0.07375131173581714
6.372,0.07203090248879103
6.376,0.07026499697988488
6.38,0.06845471059286894
6.384,0.06660118674342534
6.388,0.06470559615694473
6.392,0.06276913612906991
6.396,0.06079302976946053
6.4,0.058778525229247425
6.404,0.0567268949126759
6.408,0.054639434673426704
6.412,0.0525174629961295
6.416,0.05036232016357614
6.42,0.04817536741017173
6.424,0.0459579860621485
6.428,0.04371157666509378
6.432,0.041437558099328406
6.436,0.03913736668372038
6.44,0.03681245526846742
6.444,0.03446429231745214
6.448,0.03209436098072086
6.452,0.029704158157703553
6.456,0.027295193551732738
6.46,0.024868988716485844
6.464,0.022427076094937944
6.468,0.01997099805144068
6.472,0.017502305897527735
6.476,0.01502255891207599
6.48,0.01253332335643016
6.484,0.010036171485121379
6.488,0.007532680552793318
6.492,0.005024431817977158
6.496,0.0025130095443333957
6.5,-1.9606728399089418e-16
6.5040000000000004,-0.0025130095443337878
6.508,-0.00502443181797684
6.5120000000000005,-0.007532680552793708
6.516,-0.010036171485121063
6.5200000000000005,-0.01253332335643055
6.524,-0.015022558912075677
6.5280000000000005,-0.017502305897527423
6.532,-0.01997099805144037
6.5360000000000005,-0.02242707609493833
6.54,-0.024868988716485532
6.5440000000000005,-0.02729519355173243
6.548,-0.029704158157703248
6.5520000000000005,-0.032094360980721236
6.556,-0.03446429231745184
6.5600000000000005,-0.036812455268467784
6.564,-0.03913736668372009
6.5680000000000005,-0.04143755809932876
6.572,-0.04371157666509349
6.5760000000000005,-0.04595798606214885
6.58,-0.04817536741017145
6.5840000000000005,-0.05036232016357648
6.588,-0.05251746299612923
6.5920000000000005,-0.05463943467342704
6.596,-0.05672689491267564
6.6000000000000005,-0.05877852522924718
6.604,-0.060793029769460286
6.6080000000000005,-0.06276913612907023
6.612,-0.06470559615694449
6.6160000000000005,-0.06660118674342512
6.62,-0.06845471059286871
6.6240000000000006,-0.07026499697988516
6.628,-0.07203090248879082
6.632000000000001,-0.07375131173581741
6.636,-0.0754251380736103
6.640000000000001,-0.0770513242775792
6.644,-0.07862884321366206
6.648000000000001,-0.08015669848708773
6.652,-0.08163392507171838
6.656000000000001,-0.08305958991958155
6.66,-0.08443279255020131
6.664,-0.08575266561936495
6.668,-0.08701837546695257
6.672,-0.08822912264349526
6.676,-0.08938414241512624
6.68,-0.09048270524660176
6.684,-0.0915241172620918
6.688,-0.09250772068344579
6.692,-0.09343289424566115
6.696,-0.09429905358928634
6.7,-0.09510565162951543
6.704,-0.09585217890173742
6.708,-0.09653816388332738
6.712,-0.09716317329146734
6.716,-0.09772681235681942
6.72,-0.09822872507286877
6.724,-0.09866859442078679
6.728,-0.0990461425696651
6.732,-0.0993611310520008
6.736,-0.0996133609143172
6.74,-0.09980267284282718
6.744,-0.09992894726405893
6.748,-0.09999210442038163
6.752,-0.09999210442038163
6.756,-0.09992894726405893
6.76,-0.09980267284282718
6.764,-0.09961336091431727
6.768,-0.09936113105200085
6.772,-0.0990461425696651
6.776,-0.09866859442078679
6.78,-0.0982287250728689
6.784,-0.09772681235681942
6.788,-0.09716317329146734
6.792,-0.09653816388332756
6.796,-0.09585217890173761
6.8,-0.09510565162951543
6.804,-0.09429905358928657
6.808,-0.09343289424566138
6.812,-0.09250772068344577
6.816,-0.0915241172620918
6.82,-0.09048270524660205
6.824,-0.08938414241512654
6.828,-0.08822912264349525
6.832,-0.08701837546695257
6.836,-0.08575266561936531
6.84,-0.08443279255020168
6.844,-0.08305958991958114
6.848,-0.08163392507171835
6.852,-0.08015669848708772
6.856,-0.07862884321366204
6.86,-0.07705132427757873
6.864,-0.07542513807361075
6.868,-0.07375131173581738
6.872,-0.0720309024887908
6.876,-0.07026499697988513
6.88,-0.0684547105928692
6.884,-0.06660118674342508
6.888,-0.06470559615694448
6.892,-0.0627691361290702
6.896,-0.06079302976946082
6.9,-0.05877852522924715
6.904,-0.05672689491267561
6.908,-0.054639434673427
6.912,-0.052517462996129805
6.916,-0.050362320163575836
6.92,-0.04817536741017142
6.924,-0.04595798606214882
6.928,-0.043711576665093475
6.932,-0.041437558099328094
6.936,-0.03913736668372072
6.94,-0.03681245526846776
6.944,-0.034464292317451815
6.948,-0.03209436098072121
6.952,-0.029704158157703903
6.956,-0.027295193551732405
6.96,-0.02486898871648551
6.964,-0.022427076094938304
6.968,-0.01997099805144104
6.972,-0.0175023058975274
6.976,-0.015022558912075651
6.98,-0.012533323356430526
6.984,-0.010036171485121745
6.988,-0.007532680552792977
6.992,-0.005024431817976815
6.996,-0.002513009544333763
7.0,-1.7145055188062946e-16
7.0040000000000004,0.002513009544334131
7.008,0.005024431817976472
7.0120000000000005,0.007532680552793342
7.016,0.010036171485121403
7.0200000000000005,0.01253332335643089
7.024,0.015022558912075313
7.0280000000000005,0.01750230589752776
7.032,0.019970998051440703
7.0360000000000005,0.022427076094937968
7.04,0.02486898871648518
7.0440000000000005,0.027295193551732756
7.048,0.029704158157703577
7.0520000000000005,0.03209436098072088
7.056,0.034464292317451496
7.0600000000000005,0.0368124552684681
7.064,0.0391373666837204
7.0680000000000005,0.04143755809932843
7.072,0.04371157666509316
7.0760000000000005,0.04595798606214915
7.08,0.04817536741017113
7.0840000000000005,0.05036232016357617
7.088,0.05251746299612952
7.0920000000000005,0.05463943467342733
7.096,0.056726894912675345
7.1000000000000005,0.05877852522924746
7.104,0.06079302976946056
7.1080000000000005,0.06276913612906995
7.112,0.06470559615694421
7.1160000000000005,0.06660118674342537
7.12,0.06845471059286895
7.1240000000000006,0.0702649969798849
7.128,0.07203090248879056
7.132000000000001,0.07375131173581764
7.136,0.07542513807361052
7.140000000000001,0.07705132427757896
7.144,0.07862884321366184
7.148000000000001,0.08015669848708794
7.152,0.08163392507171817
7.156000000000001,0.08305958991958134
7.16,0.08443279255020149
7.164000000000001,0.0857526656193655
7.168,0.08701837546695239
7.172,0.08822912264349508
7.176,0.08938414241512639
7.18,0.0904827052466019
7.184,0.09152411726209164
7.188,0.09250772068344565
7.192,0.09343289424566126
7.196,0.09429905358928645
7.2,0.09510565162951531
7.204,0.09585217890173751
7.208,0.09653816388332746
7.212,0.09716317329146726
7.216,0.09772681235681935
7.22,0.09822872507286884
7.224,0.09866859442078674
7.228,1.099046142569665
7.232,1.0993611310520008
7.236,1.0996133609143173
7.24,1.0998026728428272
7.244,1.099928947264059
7.248,1.0999921044203815
7.252,1.0999921044203815
7.256,1.099928947264059
7.26,1.0998026728428272
7.264,1.0996133609143173
7.268,1.0993611310520008
7.272,1.0990461425696652
7.276,0.09866859442078686
7.28,0.09822872507286884
7.284,0.0977268123568195
7.288,0.09716317329146743
7.292,0.09653816388332746
7.296,0.09585217890173751
7.3,0.09510565162951554
7.304,0.09429905358928645
7.308,0.09343289424566126
7.312,0.09250772068344591
7.316,0.09152411726209192
7.32,0.0904827052466019
7.324,0.08938414241512639
7.328,0.08822912264349542
7.332,0.08701837546695274
7.336,0.08575266561936512
7.34,0.08443279255020149
7.344,0.08305958991958134
7.348,0.08163392507171857
7.352,0.08015669848708751
7.356,0.07862884321366227
7.36,0.07705132427757896
7.364,0.07542513807361052
7.368,0.07375131173581716
7.372,0.07203090248879106
7.376,0.0702649969798849
7.38,0.06845471059286895
7.384,0.06660118674342537
7.388,0.06470559615694475
7.392,0.06276913612906995
7.396,0.06079302976946056
7.4,0.05877852522924746
7.404,0.05672689491267592
7.408,0.054639434673426725
7.412,0.05251746299612952
7.416,0.05036232016357617
7.42,0.048175367410171754
7.424,0.045957986062148515
7.428,0.0437115766650938
7.432,0.04143755809932843
7.436,0.0391373666837204
7.44,0.036812455268467444
7.444,0.03446429231745216
7.448,0.03209436098072088
7.452,0.029704158157703577
7.456,0.027295193551732756
7.46,0.024868988716485865
7.464,0.022427076094937968
7.468,0.019970998051440703
7.472,0.01750230589752776
7.476,0.015022558912076015
7.48,0.012533323356430185
7.484,0.010036171485121403
7.488,0.007532680552793342
7.492,0.005024431817977182
7.496,0.00251300954433342
7.5,5.389683877521531e-16
7.5040000000000004,-0.0025130095443337635
7.508,-0.005024431817976815
7.5120000000000005,-0.007532680552793685
7.516,-0.010036171485121039
7.5200000000000005,-0.012533323356430526
7.524,-0.015022558912075651
7.5280000000000005,-0.0175023058975274
7.532,-0.019970998051440342
7.5360000000000005,-0.022427076094938304
7.54,-0.02486898871648551
7.5440000000000005,-0.027295193551732405
7.548,-0.029704158157703227
7.5520000000000005,-0.03209436098072121
7.556,-0.034464292317451815
7.5600000000000005,-0.03681245526846776
7.564,-0.03913736668372006
7.5680000000000005,-0.04143755809932874
7.572,-0.043711576665093475
7.5760000000000005,-0.04595798606214882
7.58,-0.04817536741017142
7.5840000000000005,-0.05036232016357646
7.588,-0.052517462996129194
7.5920000000000005,-0.054639434673427
7.596,-0.05672689491267561
7.6000000000000005,-0.05877852522924715
7.604,-0.060793029769460265
7.6080000000000005,-0.0627691361290702
7.612,-0.06470559615694448
7.6160000000000005,-0.06660118674342508
7.62,-0.06845471059286867
7.6240000000000006,-0.07026499697988513
7.628,-0.0720309024887908
7.632000000000001,-0.07375131173581738
7.636,-0.07542513807361029
7.640000000000001,-0.07705132427757917
7.644,-0.07862884321366204
7.648000000000001,-0.08015669848708772
7.652,-0.08163392507171835
7.656000000000001,-0.08305958991958153
7.66,-0.08443279255020131
7.664000000000001,-0.08575266561936531
7.668,-0.08701837546695257
7.672000000000001,-0.08822912264349525
7.676,-0.08938414241512624
7.68,-0.09048270524660175
7.684,-0.0915241172620918
7.688,-0.09250772068344577
7.692,-0.09343289424566113
7.696,-0.09429905358928632
7.7,-0.09510565162951543
7.704,-0.09585217890173742
7.708,-0.09653816388332737
7.712,-0.09716317329146734
7.716,-0.09772681235681942
7.72,-0.09822872507286877
7.724,-0.09866859442078679
7.728,-0.0990461425696651
7.732,-0.09936113105200078
7.736,-0.0996133609143172
7.74,-0.09980267284282718
7.744,-0.09992894726405893
7.748,-0.09999210442038163
7.752,-0.09999210442038164
7.756,-0.09992894726405893
7.76,-0.09980267284282718
7.764,-0.09961336091431727
7.768,-0.09936113105200088
7.772,-0.0990461425696651
7.776,-0.09866859442078679
7.78,-0.0982287250728689
7.784,-0.09772681235681942
7.788,-0.09716317329146734
7.792,-0.09653816388332757
7.796,-0.09585217890173763
7.8,-0.09510565162951543
7.804,-0.09429905358928657
7.808,-0.09343289424566138
7.812,-0.09250772068344579
7.816,-0.0915241172620918
7.82,-0.09048270524660205
7.824,-0.08938414241512656
7.828,-0.08822912264349526
7.832,-0.08701837546695257
7.836,-0.08575266561936533
7.84,-0.0844327925502017
7.844,-0.08305958991958115
7.848,-0.08163392507171838
7.852,-0.08015669848708773
7.856,-0.07862884321366206
7.86,-0.07705132427757876
7.864,-0.07542513807361077
7.868,-0.07375131173581741
7.872,-0.07203090248879082
7.876,-0.07026499697988516
7.88,-0.06845471059286921
7.884,-0.06660118674342512
7.888,-0.06470559615694449
7.892,-0.06276913612907023
7.896,-0.060793029769460855
7.9,-0.05877852522924718
7.904,-0.05672689491267564
7.908,-0.05463943467342704
7.912,-0.05251746299612983
7.916,-0.05036232016357587
7.92,-0.04817536741017145
7.924,-0.04595798606214885
7.928,-0.04371157666509349
7.932,-0.041437558099328115
7.936,-0.03913736668372074
7.94,-0.036812455268467784
7.944,-0.03446429231745184
7.948,-0.032094360980721236
7.952,-0.029704158157703928
7.956,-0.02729519355173243
7.96,-0.024868988716485532
7.964,-0.02242707609493833
7.968,-0.019970998051441063
7.972,-0.017502305897527423
7.976,-0.015022558912075677
7.98,-0.01253332335643055
7.984,-0.010036171485121769
7.988,-0.0075326805527930005
7.992,-0.005024431817976839
7.996,-0.0025130095443337878
8.0,-1.9594348786357652e-16
8.004,0.0025130095443333957
8.008000000000001,0.005024431817977158
8.012,0.007532680552793318
8.016,0.010036171485121379
8.02,0.01253332335643016
8.024000000000001,0.01502255891207599
8.028,0.017502305897527735
8.032,0.01997099805144068
8.036,0.022427076094937944
8.040000000000001,0.024868988716485844
8.044,0.027295193551732738
8.048,0.029704158157703553
8.052,0.03209436098072086
8.056000000000001,0.03446429231745214
8.06,0.03681245526846808
8.064,0.03913736668372038
8.068,0.04143755809932776
8.072000000000001,0.04371157666509378
8.076,0.045957986062149125
8.08,0.0481753674101711
8.084,0.05036232016357553
8.088000000000001,0.052517462996130096
8.092,0.054639434673427294
8.096,0.05672689491267531
8.1,0.05877852522924686
8.104000000000001,0.0607930297694611
8.108,0.06276913612906991
8.112,0.0647055961569442
8.116,0.06660118674342481
8.120000000000001,0.06845471059286894
8.124,0.07026499697988488
8.128,0.07203090248879054
8.132,0.07375131173581714
8.136000000000001,0.07542513807361051
8.14,0.07705132427757894
8.144,0.07862884321366181
8.148,0.0801566984870875
8.152000000000001,0.08163392507171856
8.156,0.08305958991958133
8.16,0.08443279255020147
8.164,0.08575266561936512
8.168000000000001,0.08701837546695274
8.172,0.08822912264349542
8.176,0.08938414241512638
8.18,0.09048270524660189
8.184000000000001,0.09152411726209192
8.188,0.0925077206834459
8.192,0.09343289424566124
8.196,0.09429905358928643
8.2,0.09510565162951508
8.204,0.09585217890173771
8.208,0.09653816388332746
8.212,0.09716317329146724
8.216,0.09772681235681918
8.22,0.09822872507286895
8.224,0.09866859442078674
8.228,1.099046142569665
8.232,1.0993611310520008
8.236,1.0996133609143173
8.24,1.0998026728428272
8.244,1.099928947264059
8.248,1.0999921044203815
8.252,1.0999921044203815
8.256,1.099928947264059
8.26,1.0998026728428272
8.264,1.0996133609143173
8.268,1.0993611310520008
8.272,1.0990461425696652
8.276,0.09866859442078686
8.28,0.09822872507286896
8.284,0.09772681235681935
8.288,0.09716317329146744
8.292,0.09653816388332748
8.296,0.09585217890173772
8.3,0.09510565162951533
8.304,0.09429905358928646
8.308,0.09343289424566126
8.312,0.09250772068344593
8.316,0.09152411726209166
8.32,0.0904827052466019
8.324,0.0893841424151264
8.328,0.08822912264349543
8.332,0.0870183754669524
8.336,0.08575266561936513
8.34,0.0844327925502015
8.344,0.08305958991958175
8.348,0.08163392507171818
8.352,0.08015669848708752
8.356,0.07862884321366229
8.36,0.07705132427757944
8.364,0.07542513807361008
8.368,0.07375131173581717
8.372,0.07203090248879107
8.376,0.07026499697988542
8.38,0.06845471059286845
8.384,0.06660118674342538
8.388,0.06470559615694477
8.392,0.06276913612907052
8.396,0.06079302976946058
8.4,0.05877852522924747
8.404,0.05672689491267594
8.408,0.054639434673427335
8.412,0.05251746299612954
8.416,0.05036232016357618
8.42,0.048175367410171775
8.424,0.045957986062149174
8.428,0.043711576665093184
8.432,0.04143755809932845
8.436,0.03913736668372043
8.44,0.036812455268468124
8.444,0.03446429231745152
8.448,0.03209436098072091
8.452,0.029704158157703605
8.456,0.027295193551732783
8.46,0.024868988716485206
8.464,0.022427076094937992
8.468,0.01997099805144073
8.472,0.017502305897527784
8.476,0.015022558912075337
8.48,0.01253332335643021
8.484,0.010036171485121427
8.488,0.007532680552794074
8.492,0.005024431817976497
8.496,0.0025130095443334447
8.5,-1.4708141202500006e-16
8.504,-0.0025130095443330284
8.508000000000001,-0.0050244318179775
8.512,-0.00753268055279366
8.516,-0.010036171485121015
8.52,-0.012533323356429796
8.524000000000001,-0.01502255891207633
8.528,-0.017502305897527375
8.532,-0.01997099805144032
8.536,-0.02242707609493759
8.540000000000001,-0.024868988716486174
8.544,-0.027295193551732377
8.548,-0.0297041581577032
8.552,-0.032094360980720514
8.556000000000001,-0.03446429231745179
8.56,-0.036812455268467735
8.564,-0.03913736668372004
8.568,-0.041437558099328066
8.572000000000001,-0.04371157666509345
8.576,-0.0459579860621488
8.58,-0.0481753674101714
8.584,-0.05036232016357583
8.588000000000001,-0.052517462996129784
8.592,-0.05463943467342698
8.596,-0.0567268949126756
8.6,-0.05877852522924714
8.604000000000001,-0.060793029769460806
8.608,-0.06276913612907019
8.612,-0.06470559615694445
8.616,-0.06660118674342506
8.620000000000001,-0.06845471059286919
8.624,-0.07026499697988513
8.628,-0.07203090248879078
8.632,-0.0737513117358169
8.636000000000001,-0.07542513807361073
8.64,-0.07705132427757916
8.644,-0.07862884321366204
8.648,-0.08015669848708727
8.652000000000001,-0.08163392507171875
8.656,-0.08305958991958151
8.66,-0.0844327925502013
8.664,-0.08575266561936494
8.668000000000001,-0.0870183754669529
8.672,-0.08822912264349524
8.676,-0.08938414241512622
8.68,-0.09048270524660174
8.684000000000001,-0.09152411726209206
8.688,-0.09250772068344576
8.692,-0.09343289424566112
8.696,-0.09429905358928632
8.700000000000001,-0.09510565162951541
8.704,-0.09585217890173761
8.708,-0.09653816388332737
8.712,-0.09716317329146734
8.716,-0.09772681235681926
8.72,-0.0982287250728689
8.724,-0.09866859442078679
8.728,-0.09904614256966508
8.732,-0.0993611310520008
8.736,-0.09961336091431726
8.74,-0.09980267284282718
8.744,-0.09992894726405893
8.748,-0.09999210442038163
8.752,-0.09999210442038164
8.756,-0.09992894726405893
8.76,-0.09980267284282718
8.764,-0.09961336091431733
8.768,-0.09936113105200078
8.772,-0.0990461425696651
8.776,-0.0986685944207868
8.78,-0.09822872507286903
8.784,-0.09772681235681928
8.788,-0.09716317329146736
8.792,-0.09653816388332757
8.796,-0.09585217890173782
8.8,-0.09510565162951522
8.804,-0.09429905358928659
8.808,-0.0934328942456614
8.812,-0.09250772068344607
8.816,-0.09152411726209152
8.82,-0.09048270524660207
8.824,-0.08938414241512657
8.828,-0.0882291226434956
8.832,-0.08701837546695258
8.836,-0.08575266561936534
8.84,-0.0844327925502017
8.844,-0.08305958991958157
8.848,-0.08163392507171839
8.852,-0.08015669848708774
8.856,-0.07862884321366208
8.86,-0.07705132427757921
8.864,-0.07542513807361031
8.868,-0.07375131173581743
8.872,-0.07203090248879084
8.876,-0.07026499697988518
8.88,-0.06845471059286871
8.884,-0.06660118674342512
8.888,-0.06470559615694452
8.892,-0.06276913612907024
8.896,-0.060793029769460306
8.9,-0.058778525229247196
8.904,-0.056726894912675664
8.908,-0.05463943467342765
8.912,-0.05251746299612924
8.916,-0.05036232016357589
8.92,-0.04817536741017147
8.924,-0.0459579860621495
8.928,-0.04371157666509287
8.932,-0.04143755809932814
8.936,-0.03913736668372076
8.94,-0.03681245526846847
8.944,-0.0344642923174512
8.948,-0.032094360980721263
8.952,-0.029704158157703955
8.956,-0.02729519355173314
8.96,-0.024868988716484873
8.964,-0.02242707609493835
8.968,-0.019970998051441088
8.972,-0.017502305897528145
8.976,-0.015022558912075698
8.98,-0.012533323356430573
8.984,-0.010036171485121793
8.988,-0.0075326805527937335
8.992,-0.005024431817976864
8.996,-0.002513009544333812
9.0,-2.2043642384652358e-16
9.004,0.0025130095443333714
9.008000000000001,0.005024431817977133
9.012,0.007532680552793294
9.016,0.010036171485121356
9.02,0.012533323356430138
9.024000000000001,0.015022558912075969
9.028,0.01750230589752771
9.032,0.019970998051440658
9.036,0.022427076094937923
9.040000000000001,0.02486898871648582
9.044,0.02729519355173271
9.048,0.029704158157703525
9.052,0.03209436098072084
9.056000000000001,0.034464292317452114
9.06,0.036812455268468054
9.064,0.03913736668372036
9.068,0.04143755809932773
9.072000000000001,0.04371157666509376
9.076,0.045957986062149105
9.08,0.04817536741017108
9.084,0.0503623201635755
9.088000000000001,0.052517462996130075
9.092,0.05463943467342727
9.096,0.056726894912675296
9.1,0.05877852522924684
9.104000000000001,0.06079302976946108
9.108,0.06276913612906991
9.112,0.06470559615694417
9.116,0.06660118674342479
9.120000000000001,0.06845471059286891
9.124,0.07026499697988485
9.128,0.07203090248879052
9.132,0.07375131173581713
9.136000000000001,0.0754251380736105
9.14,0.07705132427757894
9.144,0.0786288432136618
9.148,0.08015669848708748
9.152000000000001,0.08163392507171854
9.156,0.08305958991958132
9.16,0.08443279255020147
9.164,0.0857526656193651
9.168000000000001,0.08701837546695272
9.172,0.0882291226434954
9.176,0.08938414241512638
9.18,0.09048270524660189
9.184000000000001,0.09152411726209192
9.188,0.0925077206834459
9.192,0.09343289424566124
9.196,0.09429905358928643
9.200000000000001,0.09510565162951551
9.204,0.0958521789017377
9.208,0.09653816388332745
9.212,0.09716317329146724
9.216000000000001,0.09772681235681949
9.22,0.09822872507286895
9.224,0.09866859442078674
9.228,1.099046142569665
9.232,1.0993611310520008
9.236,1.0996133609143173
9.24,1.0998026728428272
9.244,1.099928947264059
9.248,1.0999921044203815
9.252,1.0999921044203815
9.256,1.099928947264059
9.26,1.0998026728428272
9.264,1.0996133609143173
9.268,1.0993611310520008
9.272,1.0990461425696652
9.276,0.09866859442078686
9.28,0.09822872507286898
9.284,0.09772681235681935
9.288,0.09716317329146744
9.292,0.09653816388332748
9.296,0.09585217890173774
9.3,0.09510565162951533
9.304,0.09429905358928647
9.308,0.09343289424566126
9.312,0.09250772068344593
9.316,0.09152411726209166
9.32,0.09048270524660192
9.324,0.0893841424151264
9.328,0.08822912264349544
9.332,0.08701837546695242
9.336,0.08575266561936515
9.34,0.08443279255020152
9.344,0.08305958991958176
9.348,0.08163392507171818
9.352,0.08015669848708754
9.356,0.07862884321366231
9.36,0.07705132427757945
9.364,0.07542513807361009
9.368,0.0737513117358172
9.372,0.07203090248879108
9.376,0.07026499697988543
9.38,0.06845471059286848
9.384,0.0666011867434254
9.388,0.0647055961569448
9.392,0.06276913612907054
9.396,0.0607930297694606
9.4,0.058778525229247494
9.404,0.05672689491267596
9.408,0.054639434673427356
9.412,0.052517462996129555
9.416,0.0503623201635762
9.42,0.04817536741017179
9.424,0.045957986062149195
9.428,0.043711576665093205
9.432,0.041437558099328475
9.436,0.03913736668372045
9.44,0.03681245526846815
9.444,0.03446429231745154
9.448,0.03209436098072093
9.452,0.029704158157703622
9.456,0.027295193551732808
9.46,0.024868988716485227
9.464,0.022427076094938016
9.468,0.01997099805144075
9.472,0.01750230589752781
9.476,0.01502255891207536
9.48,0.012533323356430235
9.484,0.010036171485121453
9.488,0.0075326805527940995
9.492,0.005024431817976521
9.496,0.002513009544333469
9.5,5.879542597180473e-16
9.504,-0.002513009544333004
9.508000000000001,-0.005024431817977476
9.512,-0.007532680552793635
9.516,-0.010036171485120989
9.52,-0.012533323356429772
9.524000000000001,-0.015022558912076307
9.528,-0.01750230589752735
9.532,-0.019970998051440297
9.536,-0.022427076094937562
9.540000000000001,-0.024868988716486153
9.544,-0.027295193551732357
9.548,-0.029704158157703178
9.552,-0.032094360980720486
9.556000000000001,-0.034464292317451774
9.56,-0.036812455268467714
9.564,-0.03913736668372002
9.568,-0.04143755809932805
9.572000000000001,-0.04371157666509343
9.576,-0.04595798606214878
9.58,-0.04817536741017139
9.584,-0.05036232016357581
9.588000000000001,-0.05251746299612976
9.592,-0.05463943467342697
9.596,-0.056726894912675574
9.6,-0.05877852522924712
9.604000000000001,-0.060793029769460785
9.608,-0.06276913612907017
9.612,-0.06470559615694443
9.616,-0.06660118674342505
9.620000000000001,-0.06845471059286916
9.624,-0.0702649969798851
9.628,-0.07203090248879077
9.632,-0.07375131173581688
9.636000000000001,-0.07542513807361072
9.64,-0.07705132427757916
9.644,-0.07862884321366202
9.648,-0.08015669848708726
9.652000000000001,-0.08163392507171874
9.656,-0.08305958991958151
9.66,-0.08443279255020128
9.664,-0.08575266561936493
9.668000000000001,-0.0870183754669529
9.672,-0.08822912264349524
9.676,-0.08938414241512621
9.68,-0.09048270524660174
9.684000000000001,-0.09152411726209206
9.688,-0.09250772068344576
9.692,-0.0934328942456611
9.696,-0.09429905358928631
9.700000000000001,-0.09510565162951541
9.704,-0.0958521789017376
9.708,-0.09653816388332737
9.712,-0.09716317329146734
9.716000000000001,-0.0977268123568194
9.72,-0.0982287250728689
9.724,-0.09866859442078679
9.728,-0.0990461425696651
9.732,-0.09936113105200078
9.736,-0.09961336091431726
9.74,-0.09980267284282716
9.744,-0.09992894726405895
9.748,-0.09999210442038163
9.752,-0.09999210442038163
9.756,-0.09992894726405895
9.76,-0.09980267284282716
9.764,-0.09961336091431733
9.768,-0.0993611310520008
9.772,-0.0990461425696651
9.776,-0.0986685944207868
9.78,-0.09822872507286905
9.784,-0.09772681235681928
9.788,-0.09716317329146736
9.792,-0.09653816388332759
9.796,-0.09585217890173782
9.8,-0.09510565162951523
9.804,-0.09429905358928659
9.808,-0.09343289424566141
9.812,-0.09250772068344608
9.816,-0.09152411726209153
9.82,-0.09048270524660208
9.824,-0.08938414241512659
9.828,-0.08822912264349561
9.832,-0.0870183754669526
9.836,-0.08575266561936534
9.84,-0.08443279255020172
9.844,-0.08305958991958157
9.848,-0.0816339250717184
9.852,-0.08015669848708776
9.856,-0.07862884321366209
9.86,-0.07705132427757923
9.864,-0.07542513807361034
9.868,-0.07375131173581743
9.872,-0.07203090248879085
9.876,-0.07026499697988518
9.88,-0.06845471059286873
9.884,-0.06660118674342515
9.888,-0.06470559615694453
9.892,-0.06276913612907026
9.896,-0.06079302976946032
9.9,-0.05877852522924722
9.904,-0.05672689491267568
9.908,-0.05463943467342767
9.912,-0.05251746299612926
9.916,-0.050362320163575905
9.92,-0.04817536741017149
9.924,-0.045957986062149514
9.928,-0.0437115766650929
9.932,-0.04143755809932816
9.936,-0.03913736668372078
9.94,-0.036812455268468484
9.944,-0.03446429231745122
9.948,-0.03209436098072128
9.952,-0.02970415815770397
9.956,-0.02729519355173316
9.96,-0.024868988716484894
9.964,-0.022427076094938374
9.968,-0.019970998051441112
9.972,-0.01750230589752817
9.976,-0.015022558912075724
9.98,-0.0125333233564306
9.984,-0.010036171485121818
9.988,-0.007532680552793757
9.992,-0.005024431817976888
9.996,-0.0025130095443338368
